2014/09/22, 14:28:00, 25 , 76, 5, 89, 7
2014/09/22, 14:28:00, 25 , 76, 5, 89, 7
2014/09/22, 14:28:00, 25 , 76, 5, 89, 7
2014/09/22, 14:28:00, 25 , 76, 5, 89, 7
2014/09/22, 14:28:00, 25 , 76, 5, 89, 7
2014/09/22, 14:28:00, 25 , 76, 5, 89, 7
2014/09/22, 14:28:00, 25 , 76, 5, 89, 7
2014/09/22, 14:28:00, 25 , 76, 5, 89, 7
2014/09/22, 14:28:00, 25 , 76, 5, 89, 7
2014/09/22, 14:28:00, 25 , 76, 5, 89, 7
2014/09/22, 14:28:00, 25 , 76, 5, 89, 7
2014/09/22, 14:28:00, 25 , 76, 5, 89, 7
2014/09/22, 14:28:00, 25 , 76, 5, 89, 7
2014/09/22, 14:28:00, 25 , 76, 5, 89, 7
2014/09/22, 14:28:00, 25 , 76, 5, 89, 7
2014/09/22, 14:28:00, 25 , 76, 5, 89, 7
2014/09/22, 14:28:00, 25 , 76, 5, 89, 7
2014/09/22, 14:28:00, 25 , 76, 5, 89, 7
2014/09/22, 14:28:00, 25 , 76, 5, 89, 7
2014/09/22, 14:28:00, 25 , 76, 5, 89, 7
2014/09/22, 14:28:00, 25 , 76, 5, 89, 7
2014/09/22, 14:28:00, 25 , 76, 5, 89, 7
2014/09/22, 14:28:00, 25 , 76, 5, 89, 7
2014/09/22, 14:28:00, 25 , 76, 5, 89, 7
2014/09/22, 14:28:00, 25 , 76, 5, 89, 7
2014/09/22, 14:28:00, 25 , 76, 5, 89, 7
2014/09/22, 14:28:00, 25 , 76, 5, 89, 7
2014/09/22, 14:28:00, 25 , 76, 5, 89, 7
2014/09/22, 14:28:00, 25 , 76, 5, 89, 7
2014/09/22, 14:28:00, 25 , 76, 5, 89, 7
2014/09/22, 14:28:00, 25 , 76, 5, 89, 7
2014/09/22, 14:28:00, 25 , 76, 5, 89, 7
2014/09/22, 14:28:00, 25 , 76, 5, 89, 7
2014/09/22, 14:28:00, 25 , 76, 5, 89, 7
2014/09/22, 14:28:00, 25 , 76, 5, 89, 7
2014/09/22, 14:28:00, 25 , 76, 5, 89, 7
2014/09/22, 14:28:00, 25 , 76, 5, 89, 7
2014/09/22, 14:28:00, 25 , 76, 5, 89, 7
2014/09/22, 14:28:00, 25 , 76, 5, 89, 7
2014/09/22, 14:28:00, 25 , 76, 5, 89, 7
2014/09/22, 14:28:00, 25 , 76, 5, 89, 7
2014/09/22, 14:28:00, 25 , 76, 5, 89, 7
2014/09/22, 14:28:00, 25 , 76, 5, 89, 7
2014/09/22, 14:28:00, 25 , 76, 5, 89, 7
2014/09/22, 14:28:00, 25 , 76, 5, 89, 7
2014/09/22, 14:28:00, 25 , 76, 5, 89, 7
2014/09/22, 14:28:00, 25 , 76, 5, 89, 7
2014/09/22, 14:28:00, 25 , 76, 5, 89, 7
2014/09/22, 14:28:00, 25 , 76, 5, 89, 7
2014/09/22, 14:28:00, 25 , 76, 5, 89, 7
2014/09/22, 14:28:00, 25 , 76, 5, 89, 7
2014/09/22, 14:28:00, 25 , 76, 5, 89, 7
2014/09/22, 14:28:00, 25 , 76, 5, 89, 7
2014/09/22, 14:28:00, 25 , 76, 5, 89, 7
2014/09/22, 14:28:00, 25 , 76, 5, 89, 7
2014/09/22, 14:28:00, 25 , 76, 5, 89, 7
2014/09/22, 14:28:00, 25 , 76, 5, 89, 7
2014/09/22, 14:28:00, 25 , 76, 5, 89, 7
2014/09/22, 14:28:00, 25 , 76, 5, 89, 7
2014/09/22, 14:28:00, 25 , 76, 5, 89, 7
2014/09/22, 14:28:00, 25 , 76, 5, 89, 7
2014/09/22, 14:28:00, 25 , 76, 5, 89, 7
2014/09/22, 14:28:00, 25 , 76, 5, 89, 7
2014/09/22, 14:28:00, 25 , 76, 5, 89, 7
2014/09/22, 14:28:00, 25 , 76, 5, 89, 7
2014/09/22, 14:28:00, 25 , 76, 5, 89, 7
2014/09/22, 14:28:00, 25 , 76, 5, 89, 7
2014/09/22, 14:28:00, 25 , 76, 5, 89, 7
2014/09/22, 14:28:00, 25 , 76, 5, 89, 7
2014/09/22, 14:28:00, 25 , 76, 5, 89, 7
2014/09/22, 14:28:00, 25 , 76, 5, 89, 7
2014/09/22, 14:28:00, 25 , 76, 5, 89, 7
2014/09/22, 14:28:00, 25 , 76, 5, 89, 7
2014/09/22, 14:28:00, 25 , 76, 5, 89, 7
2014/09/22, 14:28:00, 25 , 76, 5, 89, 7
2014/09/22, 14:28:00, 25 , 76, 5, 89, 7
2014/09/22, 14:28:00, 25 , 76, 5, 89, 7
2014/09/22, 14:28:00, 25 , 76, 5, 89, 7
2014/09/22, 14:28:00, 25 , 76, 5, 89, 7
2014/09/22, 14:28:00, 25 , 76, 5, 89, 7
2014/09/22, 14:28:00, 25 , 76, 5, 89, 7
2014/09/22, 14:28:00, 25 , 76, 5, 89, 7
2014/09/22, 14:28:00, 25 , 76, 5, 89, 7
2014/09/22, 14:28:00, 25 , 76, 5, 89, 7
2014/09/22, 14:28:00, 25 , 76, 5, 89, 7
2014/09/22, 14:28:00, 25 , 76, 5, 89, 7
2014/09/22, 14:28:00, 25 , 76, 5, 89, 7
2014/09/22, 14:28:00, 25 , 76, 5, 89, 7
2014/09/22, 14:28:00, 25 , 76, 5, 89, 7
2014/09/22, 14:28:00, 25 , 76, 5, 89, 7
2014/09/22, 14:28:00, 25 , 76, 5, 89, 7
2014/09/22, 14:28:00, 25 , 76, 5, 89, 7
2014/09/22, 14:28:00, 25 , 76, 5, 89, 7
2014/09/22, 14:28:00, 25 , 76, 5, 89, 7
2014/09/22, 14:28:00, 25 , 76, 5, 89, 7
2014/09/22, 14:28:00, 25 , 76, 5, 89, 7
2014/09/22, 14:28:00, 25 , 76, 5, 89, 7
2014/09/22, 14:28:00, 25 , 76, 5, 89, 7
2014/09/22, 14:28:00, 25 , 76, 5, 89, 7
2014/09/22, 14:28:00, 25 , 76, 5, 89, 7
2014/09/22, 14:28:00, 25 , 76, 5, 89, 7
2014/09/22, 14:28:00, 25 , 76, 5, 89, 7
2014/09/22, 14:28:00, 25 , 76, 5, 89, 7
2014/09/22, 14:28:00, 25 , 76, 5, 89, 7
2014/09/22, 14:28:00, 25 , 76, 5, 89, 7
2014/09/22, 14:28:00, 25 , 76, 5, 89, 7
2014/09/22, 14:28:00, 25 , 76, 5, 89, 7
2014/09/22, 14:28:00, 25 , 76, 5, 89, 7
2014/09/22, 14:28:00, 25 , 76, 5, 89, 7
2014/09/22, 14:28:00, 25 , 76, 5, 89, 7
2014/09/22, 14:28:00, 25 , 76, 5, 89, 7
2014/09/22, 14:28:00, 25 , 76, 5, 89, 7
2014/09/22, 14:28:00, 25 , 76, 5, 89, 7
