9/22/2014, 14:28:00,25,76,5,89,7
9/22/2014, 14:28:00,25,76,5,89,7
9/22/2014, 14:28:00,25,76,5,89,7
9/22/2014, 14:28:00,25,76,5,89,7
9/22/2014, 14:28:00,25,76,5,89,7
9/22/2014, 14:28:00,25,76,5,89,7
9/22/2014, 14:28:00,25,76,5,89,7
9/22/2014, 14:28:00,25,76,5,89,7
9/22/2014, 14:28:00,25,76,5,89,7
9/22/2014, 14:28:00,25,76,5,89,7
9/22/2014, 14:28:00,25,76,5,89,7
9/22/2014, 14:28:00,25,76,5,89,7
9/22/2014, 14:28:00,25,76,5,89,7
9/22/2014, 14:28:00,25,76,5,89,7
9/22/2014, 14:28:00,25,76,5,89,7
9/22/2014, 14:28:00,25,76,5,89,7
9/22/2014, 14:28:00,25,76,5,89,7
9/22/2014, 14:28:00,25,76,5,89,7
9/22/2014, 14:28:00,25,76,5,89,7
9/22/2014, 14:28:00,25,76,5,89,7
9/22/2014, 14:28:00,25,76,5,89,7
9/22/2014, 14:28:00,25,76,5,89,7
9/22/2014, 14:28:00,25,76,5,89,7
9/22/2014, 14:28:00,25,76,5,89,7
9/22/2014, 14:28:00,25,76,5,89,7
9/22/2014, 14:28:00,25,76,5,89,7
9/22/2014, 14:28:00,25,76,5,89,7
9/22/2014, 14:28:00,25,76,5,89,7
9/22/2014, 14:28:00,25,76,5,89,7
9/22/2014, 14:28:00,25,76,5,89,7
9/22/2014, 14:28:00,25,76,5,89,7
9/22/2014, 14:28:00,25,76,5,89,7
9/22/2014, 14:28:00,25,76,5,89,7
9/22/2014, 14:28:00,25,76,5,89,7
9/22/2014, 14:28:00,25,76,5,89,7
9/22/2014, 14:28:00,25,76,5,89,7
9/22/2014, 14:28:00,25,76,5,89,7
9/22/2014, 14:28:00,25,76,5,89,7
9/22/2014, 14:28:00,25,76,5,89,7
9/22/2014, 14:28:00,25,76,5,89,7
9/22/2014, 14:28:00,25,76,5,89,7
9/22/2014, 14:28:00,25,76,5,89,7
9/22/2014, 14:28:00,25,76,5,89,7
9/22/2014, 14:28:00,25,76,5,89,7
9/22/2014, 14:28:00,25,76,5,89,7
9/22/2014, 14:28:00,25,76,5,89,7
9/22/2014, 14:28:00,25,76,5,89,7
9/22/2014, 14:28:00,25,76,5,89,7
9/22/2014, 14:28:00,25,76,5,89,7
9/22/2014, 14:28:00,25,76,5,89,7
9/22/2014, 14:28:00,25,76,5,89,7
9/22/2014, 14:28:00,25,76,5,89,7
9/22/2014, 14:28:00,25,76,5,89,7
9/22/2014, 14:28:00,25,76,5,89,7
9/22/2014, 14:28:00,25,76,5,89,7
9/22/2014, 14:28:00,25,76,5,89,7
9/22/2014, 14:28:00,25,76,5,89,7
9/22/2014, 14:28:00,25,76,5,89,7
9/22/2014, 14:28:00,25,76,5,89,7
9/22/2014, 14:28:00,25,76,5,89,7
9/22/2014, 14:28:00,25,76,5,89,7
9/22/2014, 14:28:00,25,76,5,89,7
9/22/2014, 14:28:00,25,76,5,89,7
9/22/2014, 14:28:00,25,76,5,89,7
9/22/2014, 14:28:00,25,76,5,89,7
9/22/2014, 14:28:00,25,76,5,89,7
9/22/2014, 14:28:00,25,76,5,89,7
9/22/2014, 14:28:00,25,76,5,89,7
9/22/2014, 14:28:00,25,76,5,89,7
9/22/2014, 14:28:00,25,76,5,89,7
9/22/2014, 14:28:00,25,76,5,89,7
9/22/2014, 14:28:00,25,76,5,89,7
9/22/2014, 14:28:00,25,76,5,89,7
9/22/2014, 14:28:00,25,76,5,89,7
9/22/2014, 14:28:00,25,76,5,89,7
9/22/2014, 14:28:00,25,76,5,89,7
9/22/2014, 14:28:00,25,76,5,89,7
9/22/2014, 14:28:00,25,76,5,89,7
9/22/2014, 14:28:00,25,76,5,89,7
9/22/2014, 14:28:00,25,76,5,89,7
9/22/2014, 14:28:00,25,76,5,89,7
9/22/2014, 14:28:00,25,76,5,89,7
9/22/2014, 14:28:00,25,76,5,89,7
9/22/2014, 14:28:00,25,76,5,89,7
9/22/2014, 14:28:00,25,76,5,89,7
9/22/2014, 14:28:00,25,76,5,89,7
9/22/2014, 14:28:00,25,76,5,89,7
9/22/2014, 14:28:00,25,76,5,89,7
9/22/2014, 14:28:00,25,76,5,89,7
9/22/2014, 14:28:00,25,76,5,89,7
9/22/2014, 14:28:00,25,76,5,89,7
9/22/2014, 14:28:00,25,76,5,89,7
9/22/2014, 14:28:00,25,76,5,89,7
9/22/2014, 14:28:00,25,76,5,89,7
9/22/2014, 14:28:00,25,76,5,89,7
9/22/2014, 14:28:00,25,76,5,89,7
9/22/2014, 14:28:00,25,76,5,89,7
9/22/2014, 14:28:00,25,76,5,89,7
9/22/2014, 14:28:00,25,76,5,89,7
9/22/2014, 14:28:00,25,76,5,89,7
9/22/2014, 14:28:00,25,76,5,89,7
9/22/2014, 14:28:00,25,76,5,89,7
9/22/2014, 14:28:00,25,76,5,89,7
9/22/2014, 14:28:00,25,76,5,89,7
9/22/2014, 14:28:00,25,76,5,89,7
9/22/2014, 14:28:00,25,76,5,89,7
9/22/2014, 14:28:00,25,76,5,89,7
9/22/2014, 14:28:00,25,76,5,89,7
9/22/2014, 14:28:00,25,76,5,89,7
9/22/2014, 14:28:00,25,76,5,89,7
9/22/2014, 14:28:00,25,76,5,89,7
9/22/2014, 14:28:00,25,76,5,89,7
9/22/2014, 14:28:00,25,76,5,89,7
